beds,baths,zip,city,count,min date,max date,price,sq ft,price / sq ft
0,1,97201,Portland,16,2017-08-23 10:20:42,2017-10-12 10:50:51,1120.81,454.0,2.5
0,1,97205,Portland,17,2017-08-23 10:22:57,2017-10-12 10:20:37,1024.18,406.0,2.58
0,1,97209,Portland,12,2017-08-23 10:19:16,2017-10-12 10:28:50,1356.83,570.0,2.52
0,1,97210,Portland,11,2017-08-14 09:13:09,2017-10-12 10:18:13,1215.36,509.0,2.52
0,1,98004,Bellevue,52,2017-08-23 19:12:00,2017-10-12 15:06:31,1665.29,504.0,3.34
0,1,98007,Bellevue,12,2017-09-20 15:27:02,2017-10-12 11:20:32,1334.42,387.0,3.66
0,1,98011,Bothell,19,2017-09-22 09:29:06,2017-10-06 15:26:10,1818.16,699.0,2.61
0,1,98033,Kirkland,35,2017-08-23 19:43:41,2017-10-12 17:00:02,1444.26,501.0,3.15
0,1,98034,Kirkland,13,2017-09-20 11:44:37,2017-10-12 12:45:55,1409.85,491.0,2.89
0,1,98040,Mercer Island,27,2017-09-07 17:59:57,2017-10-12 12:59:50,1896.04,754.0,2.57
0,1,98052,Redmond,76,2017-09-20 11:59:07,2017-10-12 15:45:53,1850.72,588.0,3.17
0,1,98074,Sammamish,12,2017-08-26 13:25:46,2017-10-12 14:17:09,1657.25,637.0,2.6
0,1,98101,Seattle,89,2017-08-24 10:55:02,2017-10-12 16:54:34,1765.58,501.0,3.57
0,1,98102,Seattle,107,2017-09-04 11:17:20,2017-10-12 16:16:46,1594.34,464.0,3.51
0,1,98103,Seattle,37,2017-09-16 10:07:01,2017-10-12 15:09:12,1563.49,427.0,3.79
0,1,98104,Seattle,37,2017-09-13 15:35:59,2017-10-12 15:22:17,1417.76,401.0,3.68
0,1,98105,Seattle,78,2017-09-02 08:07:11,2017-10-12 15:23:17,1324.15,372.0,3.75
0,1,98107,Seattle,98,2017-08-11 16:45:15,2017-10-12 15:26:43,1659.18,502.0,3.42
0,1,98109,Seattle,159,2017-09-10 11:11:49,2017-10-12 15:47:24,1692.35,501.0,3.42
0,1,98115,Seattle,55,2017-09-18 17:11:52,2017-10-12 15:44:12,1393.96,376.0,4.01
0,1,98116,Seattle,22,2017-09-05 20:30:36,2017-10-12 15:10:46,1376.64,412.0,3.58
0,1,98117,Seattle,24,2017-09-20 12:49:23,2017-10-12 14:17:54,1510.33,493.0,3.12
0,1,98119,Seattle,91,2017-08-23 19:26:12,2017-10-12 17:01:15,1585.11,586.0,3.02
0,1,98121,Seattle,98,2017-08-25 13:21:13,2017-10-12 16:48:27,1732.51,516.0,3.41
0,1,98122,Seattle,166,2017-08-26 12:39:01,2017-10-12 16:04:15,1658.36,474.0,3.61
0,1,98125,Seattle,13,2017-08-31 12:56:02,2017-10-12 15:44:17,1498.23,560.0,2.66
0,1,98133,Shoreline,23,2017-09-20 13:32:14,2017-10-12 12:06:47,1276.43,513.0,2.52
0,1,98144,Seattle,18,2017-09-17 10:06:19,2017-10-12 13:43:36,1528.78,438.0,3.78
0,1,98198,Des Moines,12,2017-08-07 21:10:07,2017-10-12 15:37:56,1043.33,405.0,2.59
0,1,98409,Tacoma,11,2017-09-20 12:16:12,2017-10-12 11:18:05,1232.36,600.0,2.06
0,1,99352,Richland,21,2017-08-23 11:07:37,2017-10-09 15:04:15,882.38,555.0,1.6
1,1,83814,Coeur d'Alene,11,2017-08-23 15:01:29,2017-10-10 11:14:42,892.27,715.0,1.24
1,1,97005,Beaverton,18,2017-08-16 10:27:17,2017-10-12 10:14:18,1072.67,641.0,1.69
1,1,97080,Gresham,14,2017-08-23 10:34:12,2017-10-12 10:02:07,1037.71,618.0,1.71
1,1,97124,Hillsboro,12,2017-08-20 11:27:22,2017-10-12 10:42:35,1380.75,764.0,1.81
1,1,97201,Portland,38,2017-08-12 13:33:55,2017-10-12 10:10:49,1363.5,647.0,2.12
1,1,97209,Portland,28,2017-08-23 10:17:30,2017-10-12 10:17:02,1636.39,678.0,2.44
1,1,97210,Portland,17,2017-08-23 10:42:26,2017-10-12 09:53:12,1525.59,724.0,2.21
1,1,97214,Portland,13,2017-08-20 10:47:27,2017-10-12 10:48:33,1369.08,690.0,2.07
1,1,97219,Portland,11,2017-09-13 10:18:05,2017-10-16 14:36:01,1016.82,645.0,1.6
1,1,97232,Portland,14,2017-08-17 11:48:09,2017-10-12 10:34:12,1343.36,653.0,2.09
1,1,97239,Portland,15,2017-08-30 10:46:54,2017-10-12 09:46:12,1350.07,729.0,1.87
1,1,97301,Salem,11,2017-08-19 18:20:50,2017-09-13 11:19:03,829.55,549.0,1.59
1,1,97330,Corvallis,11,2017-07-31 14:57:09,2017-09-12 11:40:55,874.09,631.0,1.52
1,1,97333,Corvallis,15,2017-08-08 08:48:31,2017-09-08 09:29:01,790.67,636.0,1.44
1,1,97355,Lebanon,18,2017-08-16 13:03:57,2017-10-13 15:30:23,911.94,713.0,1.28
1,1,97383,Stayton,18,2017-08-23 09:59:02,2017-09-20 09:33:59,772.22,733.0,1.06
1,1,98002,Auburn,62,2017-09-05 12:07:47,2017-10-12 12:28:15,1203.76,723.0,1.86
1,1,98003,Federal Way,125,2017-08-22 16:22:36,2017-10-12 15:00:32,1196.05,688.0,1.76
1,1,98004,Bellevue,147,2017-08-23 19:13:49,2017-10-12 15:08:19,2018.42,740.0,2.77
1,1,98005,Bellevue,57,2017-09-09 08:42:39,2017-10-12 15:43:18,1641.02,715.0,2.32
1,1,98006,Bellevue,20,2017-09-14 12:45:53,2017-10-12 15:10:10,1809.2,740.0,2.44
1,1,98007,Bellevue,78,2017-09-06 11:17:28,2017-10-12 15:10:29,1644.72,738.0,2.26
1,1,98011,Bothell,105,2017-09-06 20:28:15,2017-10-12 15:30:07,1771.38,759.0,2.34
1,1,98012,Bothell,31,2017-09-20 10:56:18,2017-10-12 15:48:11,1426.74,702.0,2.04
1,1,98012,Mill Creek,36,2017-09-20 11:34:00,2017-10-12 15:22:35,1491.11,723.0,2.08
1,1,98021,Bothell,18,2017-08-30 18:54:10,2017-10-06 10:44:42,1467.67,719.0,1.95
1,1,98023,Federal Way,44,2017-08-12 12:54:41,2017-10-12 11:25:06,1181.5,659.0,1.81
1,1,98026,Edmonds,23,2017-09-08 14:49:53,2017-10-12 14:14:43,1354.26,701.0,1.94
1,1,98027,Issaquah,25,2017-09-20 11:00:00,2017-10-12 14:25:03,1687.16,725.0,2.34
1,1,98028,Kenmore,75,2017-08-01 08:31:50,2017-10-12 16:22:24,1569.45,710.0,2.23
1,1,98029,Issaquah,36,2017-08-23 20:12:33,2017-10-12 13:21:57,1758.86,807.0,2.21
1,1,98030,Kent,49,2017-08-09 10:54:50,2017-10-12 15:33:20,1250.98,676.0,1.87
1,1,98031,Kent,22,2017-09-18 09:36:04,2017-10-12 10:25:50,1216.14,725.0,1.68
1,1,98032,Kent,100,2017-08-15 14:45:43,2017-10-12 17:01:36,1341.6,670.0,2.01
1,1,98033,Kirkland,119,2017-08-08 14:17:22,2017-10-12 16:41:07,1795.08,748.0,2.43
1,1,98034,Kirkland,96,2017-09-14 09:42:42,2017-10-12 15:23:57,1561.98,721.0,2.18
1,1,98036,Lynnwood,17,2017-09-14 17:50:31,2017-10-12 11:23:20,1353.35,713.0,1.91
1,1,98037,Lynnwood,27,2017-09-11 11:49:43,2017-10-12 15:48:01,1302.15,698.0,1.87
1,1,98040,Mercer Island,60,2017-08-21 16:40:26,2017-10-12 16:23:29,2105.28,763.0,2.81
1,1,98042,Kent,14,2017-09-20 14:44:46,2017-10-12 14:18:28,1575.57,758.0,2.15
1,1,98043,Mountlake Terrace,43,2017-08-30 20:41:00,2017-10-12 14:26:37,1342.56,685.0,1.97
1,1,98052,Redmond,184,2017-08-30 19:12:27,2017-10-12 17:07:59,1736.81,719.0,2.44
1,1,98055,Renton,66,2017-08-21 12:41:38,2017-10-12 12:43:09,1390.2,724.0,1.94
1,1,98056,Newcastle,12,2017-09-06 19:32:09,2017-10-06 11:33:34,1642.33,574.0,2.94
1,1,98056,Renton,74,2017-09-06 20:22:39,2017-10-12 15:24:58,1505.31,692.0,2.17
1,1,98057,Renton,68,2017-08-22 17:58:16,2017-10-12 14:18:23,1451.29,777.0,1.88
1,1,98058,Renton,30,2017-09-20 11:37:08,2017-10-12 15:19:07,1393.3,733.0,1.92
1,1,98059,Renton,12,2017-09-15 14:45:10,2017-10-12 16:18:06,1426.25,676.0,2.14
1,1,98072,Woodinville,30,2017-09-22 09:33:46,2017-10-12 12:22:58,1592.47,1015.0,2.15
1,1,98074,Sammamish,26,2017-09-08 10:54:52,2017-10-12 14:57:28,1789.12,768.0,2.35
1,1,98075,Sammamish,24,2017-08-30 12:53:00,2017-10-06 13:55:45,1901.67,808.0,2.38
1,1,98087,Lynnwood,42,2017-09-13 09:29:29,2017-10-12 15:11:50,1324.9,725.0,1.85
1,1,98092,Auburn,41,2017-09-03 09:25:50,2017-10-12 14:01:21,1189.63,694.0,1.71
1,1,98101,Seattle,138,2017-08-24 14:18:38,2017-10-12 16:35:59,2159.0,698.0,3.13
1,1,98102,Seattle,219,2017-08-25 09:11:10,2017-10-12 15:39:53,1887.94,643.0,3.02
1,1,98103,Seattle,201,2017-08-30 19:53:01,2017-10-12 16:04:23,1933.75,657.0,2.97
1,1,98104,Seattle,92,2017-09-17 17:02:41,2017-10-12 15:16:08,1709.15,583.0,2.98
1,1,98105,Seattle,98,2017-09-11 09:45:34,2017-10-12 16:18:09,1719.14,649.0,2.71
1,1,98106,Seattle,63,2017-09-20 11:21:51,2017-10-12 16:19:41,1452.13,700.0,2.09
1,1,98107,Seattle,268,2017-08-19 09:34:12,2017-10-12 15:41:39,1966.33,675.0,2.98
1,1,98109,Seattle,552,2017-08-20 12:17:37,2017-10-12 17:10:24,2030.45,665.0,3.09
1,1,98110,Bainbridge Island,13,2017-09-20 11:25:00,2017-10-12 13:57:54,1590.0,804.0,2.01
1,1,98112,Seattle,48,2017-09-10 19:12:14,2017-10-12 14:26:22,1872.56,634.0,3.01
1,1,98115,Seattle,125,2017-09-02 09:24:31,2017-10-12 15:44:27,1753.07,640.0,2.8
1,1,98116,Seattle,125,2017-09-05 20:30:21,2017-10-12 15:23:46,1756.33,644.0,2.77
1,1,98117,Seattle,66,2017-08-23 20:10:02,2017-10-12 14:57:12,1718.38,634.0,2.8
1,1,98118,Seattle,56,2017-09-06 20:25:51,2017-10-12 14:12:02,1523.55,606.0,2.58
1,1,98119,Seattle,187,2017-08-23 18:56:16,2017-10-12 14:03:41,1958.32,670.0,2.95
1,1,98121,Seattle,168,2017-08-23 19:05:14,2017-10-12 16:02:12,2133.88,691.0,3.14
1,1,98122,Seattle,300,2017-08-12 15:59:52,2017-10-12 15:51:31,1943.71,607.0,3.25
1,1,98125,Seattle,123,2017-08-25 12:24:51,2017-10-12 16:04:03,1458.89,689.0,2.13
1,1,98126,Seattle,40,2017-09-07 10:49:54,2017-10-12 15:15:35,1620.58,639.0,2.57
1,1,98133,Seattle,72,2017-08-16 15:34:03,2017-10-12 16:08:39,1420.11,649.0,2.21
1,1,98133,Shoreline,65,2017-09-20 00:52:24,2017-10-12 14:20:04,1508.6,684.0,2.21
1,1,98136,Seattle,16,2017-08-19 20:30:07,2017-10-12 12:51:23,1706.19,664.0,2.6
1,1,98144,Seattle,54,2017-08-22 07:30:01,2017-10-12 16:40:10,1783.52,698.0,2.6
1,1,98146,Seattle,20,2017-08-30 11:16:13,2017-10-06 13:34:09,1315.85,639.0,2.06
1,1,98148,Burien,11,2017-09-08 12:48:41,2017-10-12 16:02:09,1266.09,677.0,1.88
1,1,98166,Burien,17,2017-08-21 14:12:02,2017-10-03 14:35:45,1475.53,629.0,2.35
1,1,98178,Seattle,20,2017-08-16 16:03:37,2017-10-12 15:21:26,1227.55,680.0,1.83
1,1,98188,Seattle,18,2017-08-31 12:19:46,2017-10-12 14:57:08,1242.22,663.0,1.87
1,1,98198,Des Moines,52,2017-08-23 19:18:42,2017-10-12 12:41:34,1276.96,686.0,1.9
1,1,98199,Seattle,27,2017-09-05 15:06:13,2017-10-12 11:42:36,1595.37,755.0,2.19
1,1,98203,Everett,27,2017-09-16 11:57:19,2017-10-12 15:50:44,1352.0,783.0,1.78
1,1,98204,Everett,126,2017-09-07 10:07:16,2017-10-12 15:52:52,1150.76,713.0,1.63
1,1,98208,Everett,58,2017-08-20 14:16:01,2017-10-12 16:20:49,1217.72,680.0,1.84
1,1,98225,Bellingham,42,2017-08-15 16:46:43,2017-10-02 21:44:17,989.4,678.0,1.5
1,1,98226,Bellingham,16,2017-08-14 10:32:17,2017-10-03 04:52:50,912.13,621.0,1.49
1,1,98273,Mount Vernon,29,2017-07-31 12:38:55,2017-10-17 10:56:46,781.03,640.0,1.26
1,1,98275,Mukilteo,20,2017-09-07 19:55:34,2017-10-12 14:33:31,1550.55,769.0,2.02
1,1,98277,Oak Harbor,14,2017-08-02 22:43:13,2017-10-09 12:28:28,1040.36,623.0,1.7
1,1,98310,Bremerton,17,2017-09-05 22:39:49,2017-10-12 16:03:11,1064.71,661.0,1.62
1,1,98311,Bremerton,14,2017-09-19 10:57:46,2017-10-12 16:18:22,1201.43,646.0,1.87
1,1,98312,Bremerton,45,2017-09-10 19:31:27,2017-10-12 13:20:32,1047.11,567.0,1.92
1,1,98337,Bremerton,16,2017-07-31 09:10:55,2017-10-12 11:42:34,905.63,613.0,1.5
1,1,98368,Port Townsend,11,2017-08-14 09:55:06,2017-10-09 17:21:14,881.82,492.0,2.08
1,1,98373,Puyallup,26,2017-09-03 15:25:14,2017-10-12 15:36:28,1215.69,735.0,1.66
1,1,98374,Puyallup,29,2017-09-07 16:50:25,2017-10-12 12:54:02,815.62,595.0,1.36
1,1,98382,Sequim,45,2017-08-04 12:02:36,2017-10-10 12:22:28,878.96,672.0,1.35
1,1,98383,Silverdale,169,2017-08-17 15:09:46,2017-10-12 15:51:44,1283.8,649.0,2.0
1,1,98390,Sumner,96,2017-08-31 16:43:54,2017-09-30 17:56:44,1013.04,505.0,2.01
1,1,98402,Tacoma,14,2017-09-15 12:13:26,2017-10-12 11:26:27,1405.86,829.0,1.73
1,1,98405,Tacoma,97,2017-09-13 19:39:49,2017-10-12 10:19:22,1088.53,644.0,1.71
1,1,98406,Tacoma,29,2017-09-20 12:06:54,2017-10-12 13:26:31,947.59,620.0,1.59
1,1,98407,Tacoma,49,2017-08-29 17:53:52,2017-10-12 15:38:42,1404.61,695.0,2.03
1,1,98409,Tacoma,40,2017-08-26 12:56:29,2017-10-07 13:04:12,1178.65,689.0,1.73
1,1,98424,Fife,60,2017-08-29 08:48:24,2017-10-12 15:12:22,1097.18,628.0,1.76
1,1,98439,Lakewood,36,2017-09-20 11:00:02,2017-10-12 09:56:12,856.47,622.0,1.38
1,1,98444,Tacoma,49,2017-09-12 16:32:03,2017-10-12 14:14:47,1087.98,678.0,1.62
1,1,98465,Tacoma,30,2017-09-20 11:36:58,2017-10-12 14:36:19,1087.73,651.0,1.67
1,1,98466,Tacoma,75,2017-09-15 14:08:08,2017-10-12 14:25:48,1153.16,655.0,1.78
1,1,98466,University Place,14,2017-09-08 11:36:37,2017-10-12 09:47:51,1298.71,743.0,1.78
1,1,98498,Lakewood,29,2017-09-13 10:32:21,2017-10-12 12:42:38,1090.07,612.0,1.8
1,1,98499,Lakewood,27,2017-09-14 17:03:58,2017-10-12 13:04:30,1056.07,677.0,1.56
1,1,98501,Olympia,31,2017-08-23 16:26:53,2017-10-06 12:42:52,1198.48,707.0,1.72
1,1,98502,Olympia,27,2017-09-01 17:11:26,2017-10-12 15:27:08,1192.15,749.0,1.63
1,1,98503,Lacey,24,2017-09-15 12:32:48,2017-10-12 10:36:34,1062.5,673.0,1.6
1,1,98503,Olympia,27,2017-09-19 12:03:40,2017-10-06 16:03:40,1111.3,943.0,1.18
1,1,98512,Olympia,21,2017-08-31 14:44:39,2017-10-12 09:49:28,1165.33,739.0,1.58
1,1,98512,Tumwater,33,2017-09-01 12:41:01,2017-10-12 13:35:51,1285.27,750.0,1.73
1,1,98801,Wenatchee,22,2017-08-15 11:44:15,2017-10-13 09:55:26,1069.32,810.0,1.35
1,1,98837,Moses Lake,56,2017-07-30 12:55:06,2017-10-06 14:08:09,995.11,748.0,1.34
1,1,99037,Spokane Valley,38,2017-08-09 09:28:38,2017-10-10 17:42:10,835.53,670.0,1.25
1,1,99201,Spokane,13,2017-08-23 21:23:36,2017-10-09 14:16:55,705.31,625.0,1.13
1,1,99206,Spokane Valley,29,2017-09-13 15:12:40,2017-10-16 10:09:17,776.62,706.0,1.1
1,1,99216,Spokane Valley,14,2017-08-29 15:56:46,2017-10-10 20:07:09,823.86,677.0,1.22
1,1,99223,Spokane,30,2017-08-23 16:26:59,2017-10-10 16:26:37,887.27,767.0,1.17
1,1,99301,Pasco,17,2017-08-23 11:08:05,2017-10-05 09:51:34,771.65,676.0,1.17
1,1,99336,Kennewick,57,2017-08-10 16:08:55,2017-10-07 15:59:04,797.14,698.0,1.16
1,1,99338,Kennewick,20,2017-08-23 17:24:15,2017-10-16 13:13:51,986.9,630.0,1.58
1,1,99352,Richland,128,2017-08-11 17:55:18,2017-10-16 13:16:46,1038.16,759.0,1.37
1,1,99354,Richland,33,2017-08-23 12:53:51,2017-10-09 10:18:07,928.03,667.0,1.44
1,2,98107,Seattle,18,2017-09-13 15:18:52,2017-10-12 15:09:09,2272.83,810.0,2.81
1,2,98109,Seattle,15,2017-09-20 10:09:35,2017-10-12 12:25:45,2518.67,927.0,2.72
2,1,83814,Coeur d'Alene,14,2017-08-27 16:20:00,2017-10-16 08:50:16,924.64,917.0,1.02
2,1,97005,Beaverton,16,2017-08-18 10:23:57,2017-10-12 10:16:26,1250.31,884.0,1.43
2,1,97201,Portland,12,2017-08-23 10:21:49,2017-10-12 10:14:25,1505.67,772.0,1.96
2,1,97202,Portland,21,2017-08-30 10:31:01,2017-10-12 10:46:32,1499.71,867.0,1.75
2,1,97301,Salem,37,2017-08-17 16:01:48,2017-09-26 08:31:50,988.11,860.0,1.16
2,1,97302,Salem,18,2017-08-09 07:46:36,2017-10-04 10:17:41,1035.44,908.0,1.15
2,1,97304,Salem,16,2017-08-21 09:32:56,2017-09-26 10:29:11,1007.19,862.0,1.17
2,1,97305,Salem,15,2017-08-07 08:56:38,2017-09-20 11:41:31,978.33,873.0,1.13
2,1,97306,Salem,45,2017-08-12 11:10:56,2017-09-25 13:19:21,1017.44,898.0,1.13
2,1,97322,Albany,16,2017-08-20 10:10:00,2017-09-20 11:56:47,951.13,903.0,1.05
2,1,97330,Corvallis,24,2017-08-16 12:00:17,2017-10-13 16:32:34,1054.17,826.0,1.28
2,1,97333,Corvallis,18,2017-08-19 13:48:32,2017-09-19 13:04:52,1208.33,882.0,1.37
2,1,97383,Stayton,11,2017-08-23 09:57:48,2017-09-20 09:20:49,885.91,827.0,1.07
2,1,98002,Auburn,146,2017-08-28 07:35:56,2017-10-12 14:32:10,1350.53,794.0,1.72
2,1,98003,Federal Way,44,2017-08-24 18:01:51,2017-10-12 15:17:13,1363.43,890.0,1.54
2,1,98004,Bellevue,20,2017-08-31 12:53:14,2017-10-12 15:13:20,2221.0,968.0,2.29
2,1,98005,Bellevue,33,2017-08-21 16:11:26,2017-10-12 14:38:54,1855.64,907.0,2.05
2,1,98007,Bellevue,45,2017-08-10 13:08:26,2017-10-12 15:02:37,1808.36,898.0,2.02
2,1,98011,Bothell,19,2017-08-11 09:38:37,2017-10-12 13:23:11,1888.21,994.0,1.9
2,1,98012,Bothell,18,2017-09-20 12:20:38,2017-10-12 14:11:34,1600.0,880.0,1.82
2,1,98023,Federal Way,27,2017-08-17 10:10:24,2017-10-12 15:39:27,1370.74,836.0,1.65
2,1,98026,Edmonds,21,2017-09-01 13:43:43,2017-10-12 13:52:34,1517.62,805.0,1.9
2,1,98027,Issaquah,14,2017-09-13 08:23:36,2017-10-06 16:12:28,1804.36,928.0,1.94
2,1,98030,Kent,42,2017-08-15 11:03:14,2017-10-12 13:24:58,1376.76,839.0,1.64
2,1,98031,Kent,12,2017-09-05 12:16:55,2017-10-12 13:24:34,1239.58,906.0,1.38
2,1,98032,Kent,83,2017-08-24 11:15:36,2017-10-12 14:29:58,1390.65,884.0,1.58
2,1,98033,Kirkland,24,2017-08-29 10:17:45,2017-10-12 11:35:59,2163.29,864.0,2.51
2,1,98034,Kirkland,72,2017-08-16 15:46:44,2017-10-12 15:38:42,1688.83,883.0,1.93
2,1,98036,Lynnwood,24,2017-09-20 12:03:55,2017-10-12 14:01:27,1508.96,914.0,1.66
2,1,98037,Lynnwood,28,2017-09-16 10:16:25,2017-10-12 15:55:27,1396.93,888.0,1.58
2,1,98040,Mercer Island,11,2017-08-28 07:44:51,2017-10-12 12:02:58,1792.09,877.0,2.04
2,1,98043,Mountlake Terrace,54,2017-09-14 16:58:08,2017-10-12 14:29:59,1475.46,948.0,1.58
2,1,98052,Redmond,53,2017-09-07 11:19:58,2017-10-12 16:08:28,1824.34,885.0,2.08
2,1,98055,Renton,30,2017-09-19 13:58:40,2017-10-12 15:56:07,1654.77,897.0,1.85
2,1,98056,Renton,61,2017-09-13 22:49:13,2017-10-12 16:39:38,1783.85,912.0,1.94
2,1,98057,Renton,35,2017-08-14 10:11:28,2017-10-12 13:51:29,1659.29,1015.0,1.66
2,1,98087,Lynnwood,15,2017-08-09 16:21:38,2017-10-12 11:28:10,1491.53,885.0,1.69
2,1,98102,Seattle,31,2017-08-30 15:15:33,2017-10-12 16:51:44,2320.74,959.0,2.44
2,1,98103,Seattle,32,2017-08-31 13:57:54,2017-10-12 11:41:20,2089.66,929.0,2.31
2,1,98105,Seattle,36,2017-08-30 10:44:24,2017-10-12 15:28:47,1986.92,870.0,2.31
2,1,98106,Seattle,14,2017-09-12 20:26:16,2017-10-12 13:22:21,1718.14,892.0,1.93
2,1,98107,Seattle,35,2017-09-11 10:18:32,2017-10-12 15:36:22,2147.51,936.0,2.33
2,1,98108,Seattle,13,2017-08-23 20:07:26,2017-10-03 12:25:21,1723.08,908.0,1.9
2,1,98109,Seattle,46,2017-08-24 12:02:44,2017-10-12 14:29:54,2260.07,876.0,2.59
2,1,98115,Seattle,26,2017-09-01 10:44:39,2017-10-12 14:02:55,2077.15,929.0,2.25
2,1,98116,Seattle,12,2017-08-10 09:45:53,2017-10-06 14:20:23,2055.92,910.0,2.29
2,1,98117,Seattle,16,2017-08-20 18:04:50,2017-10-12 14:57:57,2115.88,942.0,2.38
2,1,98118,Seattle,26,2017-08-30 19:52:38,2017-10-12 11:09:05,2168.35,911.0,2.42
2,1,98119,Seattle,32,2017-08-03 23:36:25,2017-10-12 12:25:30,2367.19,887.0,2.67
2,1,98122,Seattle,17,2017-09-03 11:55:35,2017-10-12 09:49:08,2239.41,928.0,2.45
2,1,98125,Seattle,48,2017-08-14 12:48:03,2017-10-12 10:06:12,1897.63,995.0,1.91
2,1,98126,Seattle,32,2017-09-05 15:56:33,2017-10-12 15:25:52,2037.47,998.0,2.14
2,1,98133,Shoreline,20,2017-09-07 21:45:44,2017-10-12 12:55:50,1621.0,905.0,1.81
2,1,98144,Seattle,21,2017-09-01 14:39:22,2017-10-12 14:11:20,2191.33,943.0,2.34
2,1,98146,Seattle,17,2017-08-15 12:19:43,2017-10-12 14:26:17,1537.35,894.0,1.76
2,1,98148,Burien,14,2017-08-28 13:39:17,2017-10-12 14:32:15,1321.5,860.0,1.53
2,1,98155,Shoreline,12,2017-08-30 14:24:34,2017-10-05 15:40:47,1651.75,933.0,1.78
2,1,98166,Burien,38,2017-08-15 09:17:31,2017-10-12 15:10:16,1359.21,770.0,1.77
2,1,98168,Burien,21,2017-09-20 10:55:53,2017-10-12 10:36:36,1443.33,874.0,1.67
2,1,98178,Seattle,21,2017-09-15 16:40:36,2017-10-12 15:49:47,1393.86,933.0,1.5
2,1,98188,Seattle,13,2017-08-28 13:29:10,2017-10-06 16:45:43,1442.69,965.0,1.5
2,1,98198,Des Moines,21,2017-09-07 00:26:35,2017-10-12 11:20:24,1393.24,859.0,1.64
2,1,98201,Everett,31,2017-09-12 09:31:23,2017-10-12 10:25:29,1290.03,811.0,1.62
2,1,98203,Everett,33,2017-08-19 10:41:00,2017-10-12 12:34:16,1376.45,878.0,1.57
2,1,98204,Everett,93,2017-09-14 13:55:57,2017-10-12 15:48:59,1311.29,921.0,1.43
2,1,98208,Everett,45,2017-08-21 09:18:30,2017-10-12 12:51:45,1396.47,912.0,1.53
2,1,98225,Bellingham,62,2017-08-01 11:37:58,2017-10-03 10:25:15,1349.03,967.0,1.43
2,1,98226,Bellingham,21,2017-07-31 12:49:08,2017-09-28 11:55:24,1072.9,895.0,1.22
2,1,98229,Bellingham,22,2017-08-18 15:49:08,2017-10-03 05:49:58,1153.18,897.0,1.32
2,1,98264,Lynden,14,2017-08-07 11:57:26,2017-10-03 11:23:42,1099.29,832.0,1.34
2,1,98271,Marysville,12,2017-09-20 00:15:17,2017-10-06 15:24:00,1206.25,731.0,1.66
2,1,98273,Mount Vernon,29,2017-08-16 08:12:39,2017-10-16 15:57:32,971.59,759.0,1.27
2,1,98310,Bremerton,43,2017-08-25 15:09:54,2017-10-12 15:56:42,1083.95,823.0,1.33
2,1,98312,Bremerton,25,2017-09-12 17:46:47,2017-10-12 14:23:09,1209.0,916.0,1.33
2,1,98362,Port Angeles,11,2017-08-25 13:43:12,2017-10-10 19:22:03,1171.18,999.0,1.15
2,1,98366,Port Orchard,11,2017-09-03 09:31:05,2017-10-12 12:51:41,1184.09,825.0,1.47
2,1,98370,Poulsbo,21,2017-09-08 09:49:44,2017-10-12 13:35:53,1383.0,971.0,1.42
2,1,98373,Puyallup,27,2017-08-19 15:02:00,2017-10-12 15:07:47,1330.85,892.0,1.49
2,1,98382,Sequim,86,2017-07-31 08:30:24,2017-10-10 13:54:54,897.91,834.0,1.18
2,1,98383,Silverdale,121,2017-09-11 12:06:07,2017-10-12 16:00:12,1266.53,849.0,1.59
2,1,98405,Tacoma,12,2017-09-14 14:52:55,2017-10-06 13:27:04,1198.08,805.0,1.53
2,1,98409,Tacoma,50,2017-08-09 09:25:23,2017-10-12 12:23:25,1189.22,901.0,1.33
2,1,98418,Tacoma,17,2017-09-18 10:53:32,2017-10-06 14:09:07,1171.76,846.0,1.4
2,1,98424,Fife,36,2017-09-13 19:21:36,2017-10-12 15:15:19,1418.78,897.0,1.59
2,1,98439,Lakewood,17,2017-09-20 10:59:44,2017-10-12 10:27:50,1001.41,739.0,1.36
2,1,98443,Tacoma,19,2017-08-16 12:26:37,2017-10-12 12:43:54,926.68,886.0,1.05
2,1,98444,Tacoma,60,2017-08-14 10:43:25,2017-10-06 13:40:28,1254.18,913.0,1.38
2,1,98465,Tacoma,14,2017-09-11 11:50:09,2017-10-12 16:34:05,1357.79,835.0,1.63
2,1,98466,Tacoma,66,2017-08-28 09:59:55,2017-10-12 14:31:48,1324.09,944.0,1.4
2,1,98499,Lakewood,33,2017-09-12 16:22:08,2017-10-12 10:14:22,1134.52,841.0,1.36
2,1,98502,Olympia,14,2017-08-28 20:52:42,2017-10-12 13:51:54,1254.0,945.0,1.36
2,1,98503,Lacey,14,2017-09-08 11:45:57,2017-10-12 10:55:14,1025.86,844.0,1.24
2,1,98512,Olympia,12,2017-09-18 12:01:41,2017-10-12 10:59:47,1299.5,933.0,1.4
2,1,98661,Vancouver,12,2017-08-23 10:40:33,2017-10-12 10:42:43,1137.42,894.0,1.28
2,1,98801,Wenatchee,13,2017-08-15 14:40:22,2017-09-13 07:55:30,1297.69,1090.0,1.32
2,1,98837,Moses Lake,61,2017-08-02 09:39:48,2017-10-11 13:15:49,985.41,884.0,1.12
2,1,98902,Yakima,12,2017-08-05 09:24:04,2017-09-06 12:15:36,790.42,1026.0,0.87
2,1,99019,Liberty Lake,12,2017-09-19 14:45:10,2017-10-10 14:31:12,1138.58,1000.0,1.13
2,1,99037,Spokane Valley,43,2017-08-30 14:49:57,2017-10-10 17:29:59,950.7,854.0,1.12
2,1,99201,Spokane,15,2017-08-27 12:09:33,2017-10-09 12:24:36,949.93,1026.0,0.97
2,1,99204,Spokane,16,2017-08-08 14:53:34,2017-10-10 13:25:31,896.88,704.0,1.33
2,1,99205,Spokane,15,2017-08-19 23:00:16,2017-10-09 16:22:10,956.4,993.0,0.99
2,1,99206,Spokane Valley,16,2017-08-23 15:36:49,2017-10-10 16:43:01,864.0,877.0,0.98
2,1,99208,Spokane,12,2017-08-23 16:56:37,2017-10-16 11:44:25,1018.17,896.0,1.13
2,1,99216,Spokane Valley,31,2017-08-17 08:38:43,2017-10-12 10:05:27,1023.74,924.0,1.11
2,1,99218,Spokane,18,2017-08-01 16:35:50,2017-10-10 15:00:43,792.5,884.0,0.9
2,1,99223,Spokane,19,2017-08-01 10:41:23,2017-10-10 15:37:14,1018.47,956.0,1.07
2,1,99224,Spokane,13,2017-08-24 00:18:35,2017-10-10 14:52:14,955.38,937.0,1.03
2,1,99301,Pasco,21,2017-09-06 15:32:31,2017-10-06 13:46:29,874.29,939.0,0.94
2,1,99336,Kennewick,75,2017-07-31 19:12:28,2017-10-09 12:15:20,912.31,876.0,1.05
2,1,99352,Richland,78,2017-08-16 17:17:52,2017-10-09 16:53:08,1036.88,896.0,1.16
2,1,99362,Walla Walla,13,2017-08-16 11:01:42,2017-10-09 11:55:11,966.92,1015.0,0.99
2,2,83815,Coeur d'Alene,15,2017-08-23 14:56:31,2017-10-10 14:51:47,978.93,973.0,1.01
2,2,83854,Post Falls,25,2017-08-23 15:00:52,2017-10-10 15:17:27,1160.2,1016.0,1.14
2,2,97005,Beaverton,12,2017-08-16 10:35:14,2017-10-12 10:12:22,1461.17,959.0,1.53
2,2,97006,Beaverton,15,2017-08-21 10:28:30,2017-10-12 10:40:53,1451.2,1027.0,1.42
2,2,97124,Hillsboro,19,2017-08-23 10:27:15,2017-10-19 10:42:23,1547.63,1202.0,1.44
2,2,97201,Portland,14,2017-08-10 15:55:51,2017-10-12 10:42:28,1920.93,1042.0,1.87
2,2,97223,Tigard,16,2017-08-23 10:40:57,2017-10-12 10:26:16,1522.25,1115.0,1.38
2,2,97236,Portland,13,2017-08-29 09:52:20,2017-10-12 10:33:24,1256.15,1010.0,1.24
2,2,97302,Salem,30,2017-08-14 10:47:14,2017-09-20 12:16:24,1043.8,998.0,1.05
2,2,97304,Salem,18,2017-08-16 10:33:02,2017-09-19 18:00:55,1291.39,1007.0,1.28
2,2,97306,Salem,26,2017-08-11 13:14:24,2017-09-25 12:39:42,1183.46,1396.0,1.11
2,2,97333,Corvallis,18,2017-08-10 16:26:24,2017-09-19 11:02:13,1320.83,993.0,1.33
2,2,98001,Auburn,15,2017-09-20 12:16:59,2017-10-12 15:08:14,1698.53,1023.0,1.66
2,2,98002,Auburn,42,2017-09-10 01:12:51,2017-10-12 15:06:44,1508.36,961.0,1.59
2,2,98003,Federal Way,96,2017-08-17 15:56:42,2017-10-12 16:54:09,1523.09,1012.0,1.51
2,2,98004,Bellevue,103,2017-08-23 19:15:45,2017-10-12 16:30:40,2459.57,1130.0,2.2
2,2,98005,Bellevue,57,2017-08-31 16:35:47,2017-10-12 16:30:42,2031.44,1025.0,1.98
2,2,98006,Bellevue,36,2017-09-14 14:49:21,2017-10-12 15:06:07,1964.36,1042.0,1.89
2,2,98007,Bellevue,161,2017-08-01 13:30:40,2017-10-12 15:33:58,2020.45,1023.0,1.98
2,2,98011,Bothell,41,2017-09-18 10:45:25,2017-10-12 12:36:01,2223.73,1068.0,2.1
2,2,98012,Bothell,61,2017-09-13 10:22:57,2017-10-12 15:40:36,1786.36,1054.0,1.7
2,2,98012,Mill Creek,35,2017-09-20 11:52:52,2017-10-12 16:31:38,1723.26,991.0,1.75
2,2,98021,Bothell,22,2017-09-20 11:35:59,2017-10-12 14:56:00,1809.14,1028.0,1.77
2,2,98023,Federal Way,32,2017-09-20 13:31:27,2017-10-12 15:41:43,1481.38,1044.0,1.43
2,2,98026,Edmonds,17,2017-09-12 15:08:15,2017-10-12 10:10:28,1682.94,1012.0,1.68
2,2,98027,Issaquah,53,2017-09-01 07:38:24,2017-10-12 14:00:49,2139.96,1148.0,1.88
2,2,98028,Kenmore,43,2017-09-15 10:58:35,2017-10-12 15:15:52,1909.53,1025.0,1.86
2,2,98029,Issaquah,76,2017-08-25 11:57:57,2017-10-12 16:20:12,2050.76,1130.0,1.84
2,2,98030,Kent,25,2017-09-07 09:10:37,2017-10-12 15:28:55,1491.96,947.0,1.58
2,2,98031,Kent,23,2017-09-10 17:09:21,2017-10-12 12:49:32,1611.22,1017.0,1.59
2,2,98032,Kent,68,2017-08-27 11:22:09,2017-10-12 16:10:33,1687.01,969.0,1.74
2,2,98033,Kirkland,76,2017-08-24 10:32:33,2017-10-12 19:59:52,2431.16,1086.0,2.26
2,2,98034,Kirkland,87,2017-08-23 21:22:32,2017-10-12 16:53:03,1991.7,1027.0,1.94
2,2,98036,Lynnwood,31,2017-09-17 12:46:57,2017-10-12 12:32:10,1589.97,951.0,1.68
2,2,98037,Lynnwood,33,2017-09-20 12:39:29,2017-10-12 15:56:13,1601.94,1020.0,1.58
2,2,98038,Maple Valley,12,2017-09-22 09:24:13,2017-10-12 11:02:01,1837.08,1056.0,1.75
2,2,98040,Mercer Island,21,2017-08-26 09:41:23,2017-10-12 13:49:31,2499.14,1083.0,2.31
2,2,98043,Mountlake Terrace,32,2017-08-30 19:09:00,2017-10-12 13:46:20,1696.47,915.0,1.86
2,2,98052,Redmond,175,2017-08-23 19:48:47,2017-10-12 17:11:28,2165.22,1070.0,2.03
2,2,98053,Redmond,13,2017-09-20 11:31:04,2017-10-12 14:45:32,2126.85,1069.0,2.04
2,2,98055,Renton,75,2017-08-04 12:52:41,2017-10-12 13:01:58,1723.12,1015.0,1.71
2,2,98056,Renton,75,2017-09-19 09:40:41,2017-10-12 14:18:26,1921.07,1033.0,1.86
2,2,98057,Renton,20,2017-09-04 14:25:12,2017-10-12 16:09:20,1842.3,1092.0,1.72
2,2,98058,Renton,41,2017-09-20 10:34:19,2017-10-12 13:54:37,1705.07,1000.0,1.71
2,2,98059,Newcastle,14,2017-09-20 11:59:42,2017-10-12 14:02:29,1777.21,924.0,1.92
2,2,98059,Renton,17,2017-09-20 14:08:41,2017-10-12 15:03:14,1690.82,954.0,1.78
2,2,98072,Woodinville,27,2017-09-06 17:29:50,2017-10-12 09:47:22,2198.85,1050.0,2.1
2,2,98074,Sammamish,27,2017-09-14 12:10:04,2017-10-12 10:54:27,2342.52,1174.0,2.0
2,2,98075,Sammamish,33,2017-08-28 09:28:38,2017-10-12 14:09:38,2136.67,1130.0,1.88
2,2,98087,Lynnwood,52,2017-09-05 03:49:45,2017-10-12 15:54:33,1664.25,1111.0,1.58
2,2,98092,Auburn,24,2017-08-27 10:31:34,2017-10-12 12:11:41,1493.79,1041.0,1.44
2,2,98101,Seattle,16,2017-09-16 10:35:17,2017-10-12 12:37:59,2859.94,1123.0,2.58
2,2,98102,Seattle,37,2017-08-30 23:32:16,2017-10-12 14:17:00,2652.89,1052.0,2.57
2,2,98103,Seattle,39,2017-08-12 14:29:31,2017-10-12 14:35:00,2413.87,1050.0,2.35
2,2,98104,Seattle,11,2017-09-16 17:02:08,2017-10-12 10:12:20,2733.73,1031.0,2.67
2,2,98105,Seattle,19,2017-09-05 12:14:11,2017-10-06 11:10:38,2396.42,1046.0,2.31
2,2,98106,Seattle,19,2017-09-20 13:48:49,2017-10-12 10:57:06,2046.21,1064.0,1.94
2,2,98107,Seattle,56,2017-09-07 21:09:18,2017-10-12 15:02:49,2715.7,1014.0,2.69
2,2,98109,Seattle,64,2017-09-11 07:20:07,2017-10-12 17:10:33,2736.45,1032.0,2.67
2,2,98115,Seattle,36,2017-09-08 12:46:58,2017-10-12 17:07:05,2596.58,1077.0,2.53
2,2,98116,Seattle,36,2017-08-30 11:17:52,2017-10-12 13:59:54,2473.08,1050.0,2.4
2,2,98117,Seattle,19,2017-09-14 13:18:06,2017-10-12 10:56:11,2324.37,1033.0,2.32
2,2,98118,Seattle,15,2017-09-20 11:40:03,2017-10-12 13:46:49,2715.67,1152.0,2.42
2,2,98119,Seattle,62,2017-08-27 18:58:26,2017-10-12 15:28:56,2703.6,1031.0,2.65
2,2,98121,Seattle,15,2017-09-15 14:54:02,2017-10-12 13:07:15,2731.73,957.0,2.87
2,2,98122,Seattle,50,2017-09-02 09:28:43,2017-10-12 14:17:28,2623.68,992.0,2.66
2,2,98125,Seattle,54,2017-08-04 14:31:00,2017-10-12 14:25:59,2045.87,1030.0,1.98
2,2,98126,Seattle,15,2017-09-05 14:45:23,2017-10-12 11:58:07,2329.73,1141.0,2.07
2,2,98133,Seattle,11,2017-08-19 12:54:16,2017-10-12 15:26:07,1765.0,919.0,1.92
2,2,98133,Shoreline,39,2017-08-28 17:40:20,2017-10-12 13:00:15,1966.51,1027.0,1.92
2,2,98146,Seattle,13,2017-09-07 09:33:05,2017-10-12 14:36:56,1571.54,920.0,1.75
2,2,98168,Burien,13,2017-09-08 11:35:27,2017-10-06 14:21:36,1626.92,992.0,1.64
2,2,98178,Seattle,16,2017-09-15 10:28:41,2017-10-12 12:51:26,1614.0,1000.0,1.62
2,2,98188,Tukwila,11,2017-09-20 14:07:57,2017-10-06 17:16:56,1487.27,916.0,1.62
2,2,98198,Des Moines,28,2017-09-01 10:07:09,2017-10-12 15:21:43,1571.86,1092.0,1.44
2,2,98198,SeaTac,18,2017-09-07 00:28:04,2017-10-12 10:15:00,1624.67,1109.0,1.46
2,2,98199,Seattle,18,2017-08-24 16:32:13,2017-10-10 10:15:06,2196.67,1241.0,1.87
2,2,98203,Everett,32,2017-08-11 11:37:01,2017-10-12 14:49:44,1491.91,1049.0,1.41
2,2,98204,Everett,134,2017-08-23 19:57:06,2017-10-12 16:23:24,1395.75,971.0,1.45
2,2,98208,Everett,78,2017-08-30 19:45:22,2017-10-12 15:02:18,1467.23,987.0,1.49
2,2,98223,Arlington,11,2017-09-15 10:39:35,2017-10-06 11:10:49,1408.18,1000.0,1.41
2,2,98225,Bellingham,22,2017-08-05 20:17:31,2017-10-03 14:23:39,1570.91,1634.0,1.39
2,2,98226,Bellingham,23,2017-08-06 13:46:57,2017-10-03 14:39:16,1394.13,1172.0,1.21
2,2,98271,Marysville,37,2017-08-19 15:13:48,2017-10-12 15:20:22,1701.19,1065.0,1.6
2,2,98275,Mukilteo,29,2017-09-16 10:29:59,2017-10-12 13:25:01,1713.14,1034.0,1.66
2,2,98311,Bremerton,22,2017-08-23 19:12:43,2017-10-06 12:23:51,1385.82,965.0,1.44
2,2,98312,Bremerton,29,2017-08-11 10:44:29,2017-10-12 13:22:38,1267.41,1028.0,1.24
2,2,98332,Gig Harbor,12,2017-09-20 11:59:50,2017-10-12 15:37:12,1605.25,1038.0,1.55
2,2,98335,Gig Harbor,16,2017-09-13 08:34:33,2017-10-12 10:08:33,1836.69,1229.0,1.5
2,2,98366,Port Orchard,26,2017-07-30 14:45:43,2017-10-11 18:14:44,1374.69,1013.0,1.36
2,2,98372,Edgewood,13,2017-09-08 13:18:51,2017-10-12 14:50:20,1573.85,981.0,1.51
2,2,98372,Puyallup,11,2017-09-20 14:47:38,2017-10-12 14:14:59,1379.27,1066.0,1.3
2,2,98373,Puyallup,14,2017-09-20 09:54:58,2017-10-12 15:08:02,1371.71,1029.0,1.34
2,2,98374,South Hill,11,2017-09-22 10:06:15,2017-10-12 17:09:23,1711.64,1112.0,1.54
2,2,98382,Sequim,18,2017-08-15 10:10:11,2017-10-09 09:49:15,933.61,1068.0,0.88
2,2,98383,Silverdale,242,2017-09-12 07:05:03,2017-10-12 16:37:20,1398.94,917.0,1.53
2,2,98402,Tacoma,13,2017-09-20 11:40:53,2017-10-12 13:42:34,2157.62,1312.0,1.67
2,2,98407,Tacoma,17,2017-09-05 13:54:11,2017-10-12 15:31:37,1792.65,976.0,1.83
2,2,98409,Tacoma,27,2017-09-18 10:19:11,2017-10-12 14:23:15,1408.78,1046.0,1.35
2,2,98444,Tacoma,13,2017-09-09 11:52:38,2017-10-12 15:54:09,1306.08,955.0,1.37
2,2,98445,Tacoma,44,2017-09-22 08:43:43,2017-10-12 15:57:29,1441.0,1106.0,1.31
2,2,98466,Tacoma,14,2017-09-20 11:29:23,2017-10-12 12:59:10,1467.71,1029.0,1.43
2,2,98466,University Place,24,2017-09-20 11:42:51,2017-10-06 15:15:50,1440.29,1125.0,1.3
2,2,98498,Lakewood,22,2017-09-12 13:37:57,2017-10-12 12:51:58,1381.36,972.0,1.42
2,2,98499,Lakewood,20,2017-09-19 17:06:21,2017-10-12 14:22:51,1330.4,965.0,1.37
2,2,98501,Olympia,12,2017-09-12 14:17:06,2017-10-12 13:49:08,1379.5,1043.0,1.34
2,2,98502,Olympia,51,2017-09-13 14:31:11,2017-10-12 15:26:03,1549.43,1115.0,1.41
2,2,98503,Olympia,18,2017-09-20 14:22:54,2017-10-06 16:05:55,1190.44,1118.0,1.07
2,2,98512,Tumwater,15,2017-09-20 12:43:38,2017-10-12 12:40:24,1678.8,1066.0,1.6
2,2,98516,Olympia,14,2017-09-20 14:39:47,2017-10-12 09:45:36,1139.86,962.0,1.19
2,2,98661,Vancouver,23,2017-08-23 10:49:56,2017-10-12 10:47:56,1253.52,1070.0,1.17
2,2,98837,Moses Lake,32,2017-08-02 12:00:43,2017-10-12 17:26:45,1086.41,1018.0,1.07
2,2,99019,Liberty Lake,13,2017-08-30 17:25:07,2017-10-10 17:59:26,1237.92,972.0,1.27
2,2,99037,Spokane Valley,22,2017-08-30 15:19:14,2017-10-10 16:46:43,996.59,968.0,1.03
2,2,99201,Spokane,16,2017-08-30 15:08:30,2017-10-10 16:07:15,1416.19,1169.0,1.2
2,2,99206,Spokane Valley,60,2017-08-09 09:32:19,2017-10-10 16:32:09,927.43,990.0,0.94
2,2,99216,Spokane Valley,14,2017-09-13 09:22:30,2017-10-10 20:06:22,1054.36,993.0,1.06
2,2,99218,Spokane,17,2017-09-11 14:17:29,2017-10-10 16:45:51,868.53,968.0,0.9
2,2,99223,Spokane,45,2017-08-21 14:29:41,2017-10-16 10:18:21,950.64,1083.0,0.89
2,2,99224,Spokane,27,2017-08-26 09:24:44,2017-10-10 17:29:55,944.22,1051.0,0.9
2,2,99301,Pasco,20,2017-08-30 10:02:12,2017-10-07 16:46:32,981.4,1617.0,0.94
2,2,99336,Kennewick,39,2017-08-11 12:10:08,2017-10-09 19:48:18,1006.62,1071.0,0.94
2,2,99338,Kennewick,20,2017-08-23 11:46:27,2017-10-07 16:53:10,870.25,932.0,0.94
2,2,99352,Richland,92,2017-08-07 14:46:21,2017-10-09 18:48:16,1230.54,1086.0,1.13
2,2,99354,Richland,37,2017-08-03 12:40:18,2017-10-09 17:18:08,1087.08,987.0,1.11
2,3,98006,Bellevue,14,2017-09-20 12:24:43,2017-10-12 11:14:58,2504.93,1178.0,2.14
2,3,98029,Issaquah,21,2017-09-20 12:46:34,2017-10-12 16:58:52,2286.48,1327.0,1.73
2,3,98030,Kent,11,2017-09-20 11:25:11,2017-10-12 12:05:47,1610.0,1106.0,1.46
2,3,98034,Kirkland,16,2017-09-20 13:37:54,2017-10-12 16:16:00,2249.63,1173.0,1.92
2,3,98055,Renton,12,2017-09-20 12:43:15,2017-10-12 17:11:43,1775.42,1136.0,1.56
2,3,98375,Puyallup,13,2017-09-14 12:00:08,2017-09-29 13:37:03,1630.77,1249.0,1.31
2,3,98383,Silverdale,11,2017-09-16 10:10:08,2017-10-06 10:40:34,1684.09,1337.0,1.28
2,3,98390,Sumner,13,2017-09-26 12:56:08,2017-10-12 10:19:41,1865.0,1230.0,1.52
2,3,98501,Olympia,12,2017-08-26 11:26:14,2017-10-06 16:06:34,1585.83,1383.0,1.16
2,3,99212,Spokane Valley,19,2017-08-28 14:15:19,2017-10-10 16:17:39,1315.0,1245.0,1.06
3,1,98030,Kent,16,2017-08-18 09:11:26,2017-10-10 13:48:01,1650.0,980.0,1.68
3,1,98115,Seattle,13,2017-08-30 19:55:04,2017-10-12 14:45:34,2594.62,1348.0,1.95
3,1,99336,Kennewick,22,2017-08-23 10:04:59,2017-10-09 16:00:07,986.86,1002.0,1.0
3,2,83814,Coeur d'Alene,15,2017-08-27 19:53:07,2017-10-10 11:26:35,1405.33,1479.0,0.96
3,2,97302,Salem,13,2017-08-23 09:32:04,2017-09-20 11:47:18,1563.85,1344.0,1.17
3,2,97304,Salem,13,2017-08-18 09:11:21,2017-09-20 10:16:19,1510.0,1235.0,1.24
3,2,97306,Salem,26,2017-08-08 11:07:03,2017-09-20 12:28:03,1574.04,1327.0,1.19
3,2,97322,Albany,17,2017-08-19 09:55:59,2017-09-19 16:48:05,1439.94,1338.0,1.09
3,2,97330,Corvallis,15,2017-08-10 14:32:32,2017-09-15 16:07:31,1658.67,1572.0,1.09
3,2,97333,Corvallis,14,2017-08-10 16:43:02,2017-09-19 14:12:39,1611.79,1308.0,1.26
3,2,97355,Lebanon,19,2017-08-05 16:15:41,2017-09-19 12:00:54,1288.16,1221.0,1.09
3,2,98002,Auburn,12,2017-09-08 15:59:11,2017-10-12 10:32:47,1662.08,1158.0,1.44
3,2,98003,Federal Way,45,2017-09-20 11:22:32,2017-10-12 14:52:14,1743.67,1134.0,1.54
3,2,98007,Bellevue,24,2017-09-05 08:46:42,2017-10-12 14:58:16,2393.25,1291.0,1.88
3,2,98011,Bothell,20,2017-09-20 11:08:08,2017-10-12 14:53:11,2595.95,1341.0,1.93
3,2,98012,Bothell,24,2017-09-04 14:26:53,2017-10-12 14:43:43,2024.0,1251.0,1.64
3,2,98012,Mill Creek,16,2017-09-20 11:48:21,2017-10-12 12:27:42,2168.19,1276.0,1.69
3,2,98026,Edmonds,12,2017-08-23 18:26:57,2017-10-12 11:55:13,2189.33,1492.0,1.5
3,2,98027,Issaquah,12,2017-08-30 19:15:29,2017-10-12 10:09:13,2010.25,1287.0,1.6
3,2,98029,Issaquah,27,2017-09-15 11:17:57,2017-10-12 13:23:12,2263.63,1272.0,1.8
3,2,98030,Kent,17,2017-08-23 21:36:11,2017-10-12 15:44:49,1946.18,1104.0,1.76
3,2,98031,Kent,12,2017-09-18 15:09:29,2017-10-12 15:13:33,2005.83,1440.0,1.43
3,2,98032,Kent,48,2017-08-15 14:46:43,2017-10-12 15:44:41,1820.02,1275.0,1.44
3,2,98033,Kirkland,18,2017-09-05 12:50:12,2017-10-06 19:55:40,2535.28,1351.0,1.89
3,2,98034,Kirkland,24,2017-08-13 23:02:46,2017-10-07 20:01:47,2312.08,1299.0,1.83
3,2,98042,Covington,19,2017-09-20 11:15:46,2017-10-12 13:41:27,1595.11,1157.0,1.39
3,2,98043,Mountlake Terrace,12,2017-09-18 13:14:04,2017-10-06 14:04:50,1967.42,1185.0,1.67
3,2,98052,Redmond,19,2017-09-07 10:16:50,2017-10-12 12:40:55,2411.16,1397.0,1.77
3,2,98056,Renton,16,2017-09-09 18:25:14,2017-10-06 15:39:03,2020.94,1169.0,1.73
3,2,98057,Renton,17,2017-08-03 15:46:53,2017-10-12 12:02:52,2015.35,1269.0,1.6
3,2,98058,Renton,43,2017-09-20 10:33:33,2017-10-12 15:05:22,1882.14,1204.0,1.57
3,2,98075,Sammamish,22,2017-09-08 16:28:09,2017-10-12 14:11:11,2083.86,1268.0,1.69
3,2,98087,Lynnwood,33,2017-08-10 10:49:50,2017-10-12 15:59:46,2047.12,1363.0,1.54
3,2,98092,Auburn,11,2017-08-27 10:36:39,2017-10-06 13:39:38,1719.45,1174.0,1.47
3,2,98115,Seattle,13,2017-08-10 09:48:29,2017-10-12 13:24:12,2859.08,1655.0,1.77
3,2,98118,Seattle,13,2017-09-14 20:53:03,2017-10-06 18:18:06,2582.69,1717.0,1.57
3,2,98203,Everett,11,2017-09-15 10:04:40,2017-10-12 14:53:44,2027.27,1565.0,1.33
3,2,98204,Everett,36,2017-09-08 14:06:37,2017-10-12 14:27:05,1693.25,1198.0,1.42
3,2,98208,Everett,21,2017-08-17 17:32:16,2017-10-12 10:26:22,1916.05,1246.0,1.55
3,2,98221,Anacortes,15,2017-08-11 09:56:14,2017-10-11 11:05:53,1739.53,1463.0,1.21
3,2,98225,Bellingham,19,2017-07-31 21:38:39,2017-10-03 09:56:34,1601.84,1410.0,1.14
3,2,98226,Bellingham,19,2017-08-09 09:37:30,2017-09-30 18:15:07,1505.84,1285.0,1.18
3,2,98229,Bellingham,15,2017-08-22 10:52:33,2017-10-02 19:02:12,1654.33,1353.0,1.23
3,2,98230,Blaine,11,2017-08-03 12:03:52,2017-10-02 11:58:54,1523.18,1555.0,1.0
3,2,98248,Ferndale,16,2017-08-09 13:45:57,2017-10-02 14:07:25,1643.63,1676.0,1.01
3,2,98275,Mukilteo,13,2017-08-31 00:50:58,2017-10-12 11:45:54,1835.0,1309.0,1.43
3,2,98311,Bremerton,16,2017-09-18 16:48:23,2017-10-06 12:21:46,1610.81,1148.0,1.4
3,2,98373,Puyallup,24,2017-09-14 17:07:52,2017-10-12 10:22:56,1676.79,1153.0,1.46
3,2,98382,Sequim,25,2017-08-05 13:33:50,2017-10-10 10:25:09,1521.76,1534.0,1.0
3,2,98383,Silverdale,102,2017-09-13 20:03:34,2017-10-12 15:49:47,1533.93,1077.0,1.43
3,2,98444,Tacoma,22,2017-09-05 10:41:10,2017-10-12 10:25:41,1656.64,1193.0,1.39
3,2,98466,Tacoma,51,2017-09-14 13:58:57,2017-10-12 14:23:49,1600.78,1151.0,1.39
3,2,98499,Lakewood,14,2017-09-13 09:57:04,2017-10-06 15:22:25,1479.79,1123.0,1.31
3,2,98512,Olympia,12,2017-08-23 20:46:06,2017-09-29 11:51:01,1545.33,1213.0,1.29
3,2,98801,Wenatchee,12,2017-08-10 10:33:57,2017-09-17 13:37:18,1716.83,1604.0,1.11
3,2,98837,Moses Lake,58,2017-07-31 17:00:22,2017-10-12 09:32:43,1022.64,1504.0,0.7
3,2,99001,Airway Heights,12,2017-08-20 14:38:35,2017-10-09 16:03:37,877.42,1255.0,0.7
3,2,99019,Liberty Lake,18,2017-08-23 14:48:08,2017-10-10 17:14:32,1357.33,1261.0,1.09
3,2,99206,Spokane Valley,12,2017-08-30 15:38:14,2017-10-16 08:55:44,1032.5,1222.0,0.86
3,2,99208,Spokane,13,2017-08-23 17:16:39,2017-10-10 10:36:09,1361.15,1503.0,0.95
3,2,99216,Spokane Valley,40,2017-07-31 23:03:21,2017-10-10 20:09:01,1120.55,1121.0,1.0
3,2,99223,Spokane,34,2017-08-21 14:21:46,2017-10-10 15:05:53,1151.62,1311.0,0.9
3,2,99301,Pasco,22,2017-08-02 08:54:44,2017-10-08 19:23:45,1227.73,1303.0,0.94
3,2,99336,Kennewick,66,2017-08-01 12:27:33,2017-10-09 15:02:40,1156.7,1297.0,0.89
3,2,99337,Kennewick,11,2017-08-09 14:43:15,2017-10-09 12:00:59,1447.27,1490.0,0.99
3,2,99338,Kennewick,14,2017-08-23 17:45:20,2017-10-07 11:36:03,1057.14,1241.0,0.87
3,2,99352,Richland,33,2017-08-07 11:51:42,2017-10-09 16:42:50,1626.3,1575.0,1.05
3,2,99354,Richland,17,2017-08-10 10:02:53,2017-10-16 12:28:56,1364.12,1468.0,0.92
3,3,98012,Bothell,26,2017-09-08 18:24:34,2017-10-12 10:06:27,2367.54,1864.0,1.3
3,3,98026,Edmonds,13,2017-09-06 13:52:35,2017-10-12 11:45:33,2395.38,1998.0,1.25
3,3,98028,Kenmore,36,2017-08-18 14:28:43,2017-10-12 15:13:29,2714.44,1699.0,1.61
3,3,98029,Issaquah,41,2017-08-25 12:42:13,2017-10-12 13:22:42,2838.88,1707.0,1.7
3,3,98030,Kent,13,2017-09-20 12:37:40,2017-10-12 16:00:15,1975.0,1290.0,1.53
3,3,98034,Kirkland,29,2017-09-10 09:53:26,2017-10-12 15:29:45,2499.45,1618.0,1.61
3,3,98052,Redmond,36,2017-08-11 08:32:08,2017-10-06 16:09:11,2638.86,1833.0,1.44
3,3,98055,Renton,17,2017-08-23 20:23:33,2017-10-12 13:57:20,2280.24,1342.0,1.71
3,3,98065,Snoqualmie,12,2017-09-20 12:15:50,2017-10-12 14:08:03,2576.42,1540.0,1.7
3,3,98136,Seattle,14,2017-08-29 22:06:32,2017-10-08 08:46:01,2988.93,1702.0,1.78
3,3,98199,Seattle,12,2017-08-31 14:10:10,2017-10-09 16:51:51,3194.58,1829.0,1.79
3,3,98204,Everett,14,2017-08-23 09:44:38,2017-10-12 12:59:56,1890.21,1423.0,1.34
3,3,98226,Bellingham,21,2017-08-11 14:57:38,2017-10-03 11:35:30,1910.48,1715.0,1.13
3,3,98248,Ferndale,13,2017-08-02 16:42:45,2017-09-19 10:37:16,1716.54,1766.0,1.01
3,3,98264,Lynden,11,2017-07-31 22:07:05,2017-10-03 11:07:44,1660.91,1613.0,1.03
3,3,98375,Puyallup,24,2017-09-13 06:04:30,2017-10-12 12:23:55,1953.75,1804.0,1.09
3,3,99217,Spokane,15,2017-09-06 15:22:36,2017-10-10 12:24:36,1270.33,1316.0,0.96
4,2,98021,Bothell,12,2017-09-06 09:41:50,2017-10-06 10:36:33,1801.08,1468.0,1.23
4,2,99301,Pasco,12,2017-09-21 09:24:02,2017-10-07 14:32:37,1096.67,1262.0,0.87
4,3,97330,Corvallis,13,2017-08-03 09:50:35,2017-09-19 09:41:13,1047.31,1309.0,0.74
4,3,97333,Corvallis,34,2017-08-22 13:01:59,2017-09-19 09:53:56,2632.09,2522.0,1.05
4,3,98006,Bellevue,23,2017-08-18 13:09:28,2017-10-12 13:59:09,3343.17,2696.0,1.25
4,3,98012,Bothell,17,2017-09-01 14:11:04,2017-10-06 15:02:23,2883.24,2470.0,1.19
4,3,98029,Issaquah,15,2017-08-16 09:00:12,2017-10-06 11:27:26,2959.67,2155.0,1.39
4,3,98031,Kent,13,2017-08-26 00:09:39,2017-10-05 15:44:42,2552.69,2415.0,1.07
4,3,98040,Mercer Island,13,2017-09-06 15:32:20,2017-10-12 12:55:19,3370.0,2608.0,1.3
4,3,98052,Redmond,16,2017-09-02 08:19:25,2017-10-06 14:47:55,3098.94,2335.0,1.38
4,3,98226,Bellingham,21,2017-08-01 19:54:01,2017-10-02 11:59:59,2143.81,1981.0,1.14
4,3,98375,Puyallup,35,2017-08-18 12:50:06,2017-10-12 16:10:39,2150.86,2066.0,1.07
4,4,97333,Corvallis,26,2017-08-28 16:38:56,2017-09-14 10:36:44,2867.19,1480.0,1.96
